description,category,type
Balance From Last Statement,Balance,CR
Balance C/F,Balance,CR 
Balance B/F,Balance,CR
Balance,Balance,CR
Last Statement,Balance,CR
HONG LEONG BANK ATM CASH WITHDRAWAL,Withdrawal,DR
AMBANK ATM WITHDRAWAL FEE,Bank Fees,DR
ATM/E-DR FEE 614526,Bank Fees,DR
ATM WITHDRAWAL FEE,Bank Fees,DR
E-WALLET CASHBACK CREDIT - BOOST,Cashback,CR
SHOPEE CASHBACK REWARD,Cashback,CR
PETRONAS MESRA REWARDS REDEMPTION,Cashback,CR
PAHLAWAN VOLKSWAGEN SERVICE CENTER,Travel Expenses,DR
MAYBANK ISLAMIC BAITUMAL CONTRIBUTION,Other Fees,DR
ZAKAT PAYMENT - LEMBAGA ZAKAT SELANGOR,Other Fees,DR
HONG LEONG BANK CHEQUE DEPOSIT,Deposit,CR
RHB BANK CHEQUE DEPOSIT,Deposit,CR
EDUCATION FEES - HELP EDUCATION CENTRE,Education,DR
KIDSWORLD TUITION CENTER PAYMENT,Education,DR
EDUCATION FEES - XYZ INTERNATIONAL SCHOOL,Education,DR
ENTERTAINMENT - ARCADE GAME TOKENS - TIMEZONE,Entertainment,DR
ENTERTAINMENT - CINEMA TICKET,Entertainment,DR
ENTERTAINMENT - DVD RENTAL PAYMENT - LOCAL KIOSK,Entertainment,DR
ENTERTAINMENT - E-SPORTS EVENT ENTRY FEE,Entertainment,DR
ENTERTAINMENT - GAME PURCHASE - STEAM STORE,Entertainment,DR
ENTERTAINMENT - GSC CINEMA TICKET - MOVIE NIGHT,Entertainment,DR
ENTERTAINMENT - LIVE CONCERT TICKET - K-POP NIGHT,Entertainment,DR
ENTERTAINMENT - LIVE THEATER SHOW TICKET,Entertainment,DR
ENTERTAINMENT - MUSIC FESTIVAL TICKET - ULTRA MALAYSIA,Entertainment,DR
ENTERTAINMENT - ONLINE STREAMING PAYMENT - DISNEY+,Entertainment,DR
ENTERTAINMENT - SPORTS EVENT TICKET - PREMIER LEAGUE,Entertainment,DR
ENTERTAINMENT - SUBSCRIPTION PAYMENT - SPOTIFY,Entertainment,DR
ENTERTAINMENT - THEME PARK ENTRY - SUNWAY LEGOLAND,Entertainment,DR
CAFE PAYMENT - COFFEE BEAN, PETALING JAYA,Food,DR
CAFE PAYMENT - STARBUCKS PETALING JAYA,Food,DR
CIMB CLICK PAY - QSR ORDER 78910,Food,DR
DINNER PAYMENT - MCDONALD'S OUTLET,Food,DR
FOOD DELIVERY - DELIVEROO ORDER 7890,Food,DR
FOOD DELIVERY - FOODPANDA ORDER 2345,Food,DR
FOOD DELIVERY - GRABFOOD, ORDER 12345,Food,DR
FOOD DELIVERY - GRABFOOD ORDER 5678,Food,DR
FOOD ORDER - KFC TAKEAWAY, KL,Food,DR
GRABFOOD EXPRESS DELIVERY PAYMENT,Food,DR
HAWKER CENTRE PAYMENT - JALAN ALOR,Food,DR
RHB INTERNET BANKING PAYMENT - STARBUCKS,Food,DR
RESTAURANT BILL PAYMENT - NANDO'S,Food,DR
RESTAURANT BILL - SUBWAY, KL,Food,DR
SNACK PURCHASE - 7-ELEVEN FOOD CORNER,Food,DR
UOB MOBILE PAYMENT - LUCKY CHOW,Food,DR
KFC DRIVE-THRU PAYMENT,Food,DR
OLDTOWN WHITE COFFEE PURCHASE,Food,DR
NASI KANDAR,Food,DR
RESTAURANT BILL PAYMENT - DINING,Food,DR
SECRET RECIPE CAKE PURCHASE,Food,DR
BHP GAS STATION PAYMENT - RON95,Travel Expenses,DR
BHP PETROL PAYMENT - MOBILE APP,Travel Expenses,DR
BHP PETROL PURCHASE - RON95,Travel Expenses,DR
FUEL PURCHASE 45.00 - SHELL STATION,Travel Expenses,DR
FUEL PURCHASE 60.00 - PETRONAS,Travel Expenses,DR
OCBC DIGITAL BANK TRANSACTION - GAS PURCHASE,Travel Expenses,DR
PETROL PURCHASE 50.00 - CALTEX STATION,Travel Expenses,DR
PETROL PURCHASE 50.00 - CTX,Travel Expenses,DR
PETROL PURCHASE 50.00 - PETRONAS STATION,Travel Expenses,DR
PETRONAS EXPRESS FUEL RELOAD,Travel Expenses,CR
PETRONAS FUEL PURCHASE - RON95,Travel Expenses,DR
PETRONAS FUEL TOP-UP VIA BOOST APP,Travel Expenses,DR
PETRONAS SELF-SERVICE PETROL FILLING,Travel Expenses,DR
Petron fuel,Travel Expenses,DR
PETRON fuel purchase,Travel Expenses,DR
Caltex fuel purchase,Travel Expenses,DR
SHELL FUEL CARD TRANSACTION,Travel Expenses,DR
SHELL FUEL PURCHASE - RON97,Travel Expenses,DR
SHELL SELF-SERVICE FUEL PURCHASE,Travel Expenses,DR
PETRONAS DYNAMIC DISCOUNT CREDIT,Cashback,CR
LHDN Income TAX PAYMENT,Other Fees,DR
MY CLEARING HOUSE GST PAYMENT,Other Fees,DR
ROAD TAX RENEWAL - JPJ PORTAL,Other Fees,DR
HOSPITAL BILL PAYMENT - KPJ HOSPITAL,Personal Expenses,DR
MEDICAL BILL PAYMENT - KLINIK PERKESO,Personal Expenses,DR
GARDENING SERVICES PAYMENT,Other Fees,DR
MR DIY HOME IMPROVEMENT PURCHASE,Shopping,DR
ALLIANZ INSURANCE PREMIUM PAYMENT,Insurance,DR
FAMILYGUARD INSURANCE PREMIUM,Insurance,DR
ONLINE INSURANCE PREMIUM - AXA,Insurance,DR
INSURANCE PREMIUM PAYMENT - AIA,Insurance,DR
BURSA MALAYSIA STOCK TRADING FEE,Other Fees,DR
INVESTMENT IN ASNB UNIT TRUST,Investment,DR
PRUDENTIAL UNIT TRUST INVESTMENT,Investment,DR
LOAN REPAYMENT - HOME LOAN,Other Loans,DR
CAR LOAN REPAYMENT - MAYBANK,Other Loans,DR
HIRE PURCHASE,Other Loans,DR
LOAN REPAYMENT - HOME LOAN,Other Loans,DR
PERODUA CAR LOAN PAYMENT,Other Loans,DR
PYMT FROM A/C  MFB HIRE PURCHASE * 78984338481,Other Loans,CR
DIGITALOCEAN CLOUD HOSTING PAYMENT,Other Fees,DR
DOMAIN HOSTING RENEWAL - EXABYTE MY,Other Fees,DR
FIVERR FREELANCER PAYMENT,Other Fees,DR
PAWSITIVE VET CLINIC PAYMENT,Personal Expenses,DR
PET FOOD PURCHASE - PETALING JAYA PET STORE,Shopping,DR
LEGAL CONSULTATION FEE - AZMAN & CO,Other Fees,DR
HAJJ SAVINGS DEPOSIT - TABUNG HAJI,Deposit,CR
ISLAMIC BOOKSTORE PURCHASE - DARUL WAHAB,Shopping,DR
QURAN CLASS FEES - MADRASAH AL-IHSAN,Education,DR
AEON DIGITAL SHOPPING - APPAREL & ACCESSORIES,Shopping,DR
GIANT ONLINE SHOP - DAILY NECESSITIES,Shopping,DR
LAZADA ONLINE ORDER - ORDER #56789,Shopping,DR
GUARDIAN PHARMACY PURCHASE,Shopping,DR
TESCO HYPERMARKET PURCHASE,Shopping,DR
RAISY WHOLESALE FAMI,Shopping,DR
AL ARAB TEXTILE,Shopping,DR
LOTUS,Shopping,DR
LOTUS's,Shopping,DR
ECONO JAYA,Shopping,DR
MYDIN ONLINE GROCERY PURCHASE - ORDER #12345,Shopping,DR
ONLINE PAYMENT - LOCAL BOUTIQUE ORDER,Shopping,DR
PGMALL ELECTRONICS PURCHASE - ORDER #56789,Shopping,DR
QOO10 ONLINE ORDER - HOME DECOR,Shopping,DR
SALE DEBIT GRABPAY-EC * PETALING JAYA, MY SALE DEBIT,E-Wallet,DR
SHOPEE ONLINE PURCHASE - ORDER #23456,Shopping,DR
SMART SHOPPING APP PAYMENT - ORDER #34567,Shopping,DR
ZALORA FASHION ORDER - ORDER #98765,Shopping,DR
BABY DIAPERS PURCHASE - AEON BIG,Shopping,DR
FAMILY MART BABY PRODUCTS PURCHASE,Shopping,DR
HERMO BEAUTY PRODUCTS ONLINE ORDER,Shopping,DR
L'OCCITANE BEAUTY PRODUCTS PURCHASE,Shopping,DR
PHARMACY PURCHASE - ALFAMART PHARMACY,Shopping,DR
SHOPEE ONLINE SHOPPING ORDER,Shopping,DR
AGODA HOTEL BOOKING - PENANG TRIP,Travel Expenses,DR
MALAYSIA AIRLINES TICKET PURCHASE,Travel Expenses,DR
TRAVEL TICKET PURCHASE - AIRASIA,Travel Expenses,DR
CIMB BANK ONLINE TRANSFER - SAVINGS A/C,Transfer,DR
DUITNOW QR RPP DR 344163 ABANG LAN NASI KERABU,Food,DR
DUITNOW TRSF CR 099446 MASANIS HASSAN EMPIRE PAYMENT,Transfer,CR
IBK FUND TFR FR A/C 4.50 - MOHAMMADZAKIRBINZAI DUITNOW QR,Transfer,DR
MAYBANK ONLINE TRANSFER TO SAVINGS,Transfer,DR
ONLINE TRANSFER FROM FRIEND,Transfer,CR
ONLINE TRANSFER TO SAVINGS ACCOUNT,Transfer,DR
PUBLIC BANK MOBILE TRANSFER - PAYNOW,Transfer,DR
TAKAFUL PREMIUM - ETIQA TAKAFUL,Insurance,DR
BUS TICKET PURCHASE - RAPIDKL,Travel Expenses,DR
KLCC PARKING FEE,Travel Expenses,DR
TNG RFID RELOAD - PLUS HIGHWAY,Travel Expenses,DR
TOLL PAYMENT - PLUS EXPRESSWAY,Travel Expenses,DR
GRAB RIDE PAYMENT - KUALA LUMPUR TO PJ,Travel Expenses,DR
KLIA EKSPRES TICKET PURCHASE,Travel Expenses,DR
CELCOM MOBILE RECHARGE TOP-UP,Utilities,DR
IPOSTPARK BILL PAYMENT,Travel Expenses,DR
MAXIS INTERNET BILL PAYMENT,Utilities,DR
MOBILE RECHARGE TOP-UP,Utilities,DR
MONTHLY UNIFI BILL PAYMENT,Utilities,DR
TUNETALK PREPAID RELOAD,Utilities,DR
UTILITY BILL PAYMENT - ELECTRICITY, TNB,Utilities,DR
MOBILE RECHARGE TOP-UP,Utilities,DR
PHONE BILL PAYMENT - CELCOM,Utilities,DR
GRABPAY DEBIT - ONLINE SHOPPING,E-Wallet,DR
SALE DEBIT GRABPAY-EC * PETALING JAYA, MY SALE DEBIT,E-Wallet,DR
TOUCH 'N GO E-WALLET RELOAD,E-Wallet,DR
PUBLIC BANK CHEQUE DEPOSIT,Deposit,CR
Salary Credit,Primary Income,CR
RENTAL RECEIVABLE - APARTMENT RENT,Other Income,CR
SVG GIRO CR 227.00 - KWSP - CTRL A/C,Deposit,CR
SALARY JAN 2023,Primary Income,CR
MAYBANK ATM WITHDRAWAL KLIA2,Withdrawal,DR
GRAB *RIDE KL15,Travel Expenses,DR
LOTUS'S TAMAN MALURI,Shopping,DR
TNB ELECTRICITY BILL,Utilities,DR
MAXIS BROADBAND,Utilities,DR
SHOPEE PAYMENT #SP2301051,Shopping,DR
TRANSFER TO A/LIM SENG KIT,Transfer,DR
STARBUCKS BANGSAR,Food,DR
PETRONAS BANGSAR SOUTH,Travel Expenses,DR
DIGI POSTPAID BILL,Utilities,DR
FOODPANDA *DELIVERY,Food,DR
CIMB TRANSFER TO A/LIM,Transfer,DR
AEON BIG MID VALLEY,Shopping,DR
PARKING DBKL,Travel Expenses,DR
KFC DAMANSARA,Food,DR
LAZADA PAYMENT #LZ230115,Shopping,DR
WATER BILL SYABAS,Utilities,DR
TOUCH 'N GO RELOAD,E-Wallet,DR
GUARDIAN PHARMACY,Shopping,DR
PARKROYAL HOTEL DINING,Food,DR
SHELL BANGSAR,Travel Expenses,DR
LALAMOVE DELIVERY,Travel Expenses,DR
PADINI CONCEPT STORE,Shopping,DR
ASTRO BILL,Utilities,DR
MCDONALD'S SUNWAY PYRAMID,Food,DR
ZUS COFFEE PJ,Food,DR
GARDENIA BREAD (AUTO DEBIT),Shopping,DR
H&M MID VALLEY,Shopping,DR
GSC CINEMA TICKETS,Entertainment,DR
99 SPEEDMARKET TTDI,Shopping,DR
PTPTN LOAN REPAYMENT,Other Loans,DR
TEALIVE SUNWAY PYRAMID,Food,DR
SALARY FEB 2023,Primary Income,CR
PAYPAL *SPOTIFY,Entertainment,DR
MYNEWS CONVENIENCE STORE,Shopping,DR
IKANO POWER CENTRE PARKING,Travel Expenses,DR
SECRET RECIPE BANGSAR,Food,DR
BOOST TOPUP (E-WALLET),E-Wallet,DR
KK SUPER MART PUCHONG,Shopping,DR
ZAKAT FITRAH PAYMENT,Other Fees,DR
MR DIY PUCHONG UTAMA,Shopping,DR
TNG E-WALLET RELOAD (APP),E-Wallet,DR
PARKSON 1UTAMA,Shopping,DR
PEDI MANIS DESSERT CAFE,Food,DR
POS MALAYSIA REGISTERED POST,Other Fees,DR
UNIQLO MID VALLEY,Shopping,DR
TESCO EXTRA CHERAS,Shopping,DR
BHPETROL PUCHONG JAYA,Travel Expenses,DR
DIGI INTERNET ADD-ON,Utilities,DR
KEDAI RUNCIT KAMAL (QR PAY),Shopping,DR
GAMUDA COVE MAINTENANCE FEE,Other Fees,DR
MAMAK STALL (DINE-IN),Food,DR
PALM SPORTS CENTER MEMBERSHIP,Personal Expenses,DR
LRT KELANA JAYA LINE,Travel Expenses,DR
IPHONE INSTALLMENT (PUBLIC BANK),Other Loans,DR
FAMILY MART TTDI,Shopping,DR
HAIR SALON DAMANSARA,Personal Expenses,DR
MBSB CAR LOAN,Other Loans,DR
MYDIN GROCERY WHOLESALE,Shopping,DR
KPJ HEALTHCARE SPECIALIST VISIT,Personal Expenses,DR
DURIAN BUFFET SS2,Food,DR
SALARY MAR 2023,Primary Income,CR
SUNWAY LAGOON TICKETS,Entertainment,DR
J&T EXPRESS SHIPPING FEE,Other Fees,DR
PASAR MALAM TRADER (QR PAY),Food,DR
CELCOM 5G DATA ADD-ON,Utilities,DR
OLDTOWN WHITE COFFEE,Food,DR
IKANO RETAIL PARK PARKING,Travel Expenses,DR
KIDS' SCHOOL UNIFORM (POPULAR),Education,DR
BR1M (BANTUAN PRIHATIN),Other Income,CR
FELDA MARKET GROCERIES,Shopping,DR
KTM KOMUTER TICKET,Travel Expenses,DR
KEDAI GUNTING HAJI SIDEK,Personal Expenses,DR
EPF SELF-CONTRIBUTION,Other Fees,DR
KLINIK KESIHATAN VISIT,Personal Expenses,DR
PUSAT PENJANAAN SEMULA (RECYCLING),Other Fees,DR
MY AIRASIA SUPER+ PASS,Travel Expenses,DR
POS MALAYSIA MONEY ORDER,Other Fees,DR
RUMAWIP MAINTENANCE FEE,Other Fees,DR
PASAR TANI KAMPUNG GROCERIES,Shopping,DR
BAS DESA KUALA PILAH,Travel Expenses,DR
PTPTN LOAN REPAYMENT,Other Loans,DR
ZAKAT PENDAPATAN,Other Fees,DR
KEDAI BATIK KAMPUNG,Shopping,DR
KLINIK DESA CHECKUP,Personal Expenses,DR
FELCRA FARMERS MARKET,Shopping,DR
PONDOK POLIS TRAFFIC FINE,Other Fees,DR
TELEKOM MALAYSIA RURAL WIFI,Utilities,DR
WAKAF MASJID RENOVATION,Other Fees,DR
PADDY HARVEST Income (SEASONAL),Other Income,CR
SABAH MARKET TUARAN GROCERIES,Shopping,DR
MIRI WATERFRONT PARKING,Travel Expenses,DR
SARAWAK ENERGY BILL,Utilities,DR
FERTILIZER PURCHASE (BANJARAN TITIWANGSA),Shopping,DR
TUNAS IKAN BAKO (SARAWAK FISH MARKET),Food,DR
KOTA KINABALU CITY BUS,Travel Expenses,DR
LANGKAWI FERRY TICKET,Travel Expenses,DR
BUMI LOT RESTAURANT (KUCHING),Food,DR
PESTICIDE SUPPLIES (KEDAH PADDY),Shopping,DR
MASWINGS FLIGHT (KUDAT-KK),Travel Expenses,DR
FISHERMAN'S DAILY CATCH (PENANG),Other Income,CR
SIBU CENTRAL MARKET,Shopping,DR
TERENGGANU BATIK WORKSHOP,Shopping,DR
KELANTAN FISHERMAN CO-OP SHARES,Other Income,CR
LABUAN DUTY-FREE ALCOHOL,Shopping,DR
KUALA PERLIS FERRY TERMINAL,Travel Expenses,DR
SABAH FISH MARKET DAILY SALE,Other Income,CR
SARAWAK TRIBAL CRAFT PURCHASE,Shopping,DR
PULAU KETAM FISHING SUPPLIES,Shopping,DR
MASWINGS FLIGHT (KUDAT-KK),Travel Expenses,DR
FISHERMAN'S DAILY CATCH (PENANG),Other Income,CR
SIBU CENTRAL MARKET,Shopping,DR
TERENGGANU BATIK WORKSHOP,Shopping,DR
KELANTAN FISHERMAN CO-OP SHARES,Other Income,CR
LABUAN DUTY-FREE ALCOHOL,Shopping,DR
KUALA PERLIS FERRY TERMINAL,Travel Expenses,DR
SABAH FISH MARKET DAILY SALE,Other Income,CR
SARAWAK TRIBAL CRAFT PURCHASE,Shopping,DR
PULAU KETAM FISHING SUPPLIES,Shopping,DR
GRAB FOOD DELIVERY EARNING,Other Income,CR
TERENGGANU FISHING BOAT FUEL,Travel Expenses,DR
LAND GRANT (ORANG ASLI SETTLEMENT),Other Income,CR
KEMAMAN FISH AUCTION Income,Other Income,CR
AIRBNB HOSTING (KL CONDO),Other Income,CR
BESUT FISH PROCESSING WORKER,Other Income,CR
LAZADA SELLER PAYOUT,Other Income,CR
TRADITIONAL KELANTAN SILVER CRAFT,Other Income,CR
FREELANCE GRAPHIC DESIGN,Other Income,CR
DUNGUN FISH WHOLESALE,Other Income,CR
GRAB FOOD DELIVERY EARNING,Other Income,CR
TERENGGANU FISHING BOAT FUEL,Travel Expenses,DR
LAND GRANT (ORANG ASLI SETTLEMENT),Other Income,CR
KEMAMAN FISH AUCTION Income,Other Income,CR
AIRBNB HOSTING (KL CONDO),Other Income,CR
BESUT FISH PROCESSING WORKER,Other Income,CR
LAZADA SELLER PAYOUT,Other Income,CR
TRADITIONAL KELANTAN SILVER CRAFT,Other Income,CR
FREELANCE GRAPHIC DESIGN,Other Income,CR
DUNGUN FISH WHOLESALE,Other Income,CR
PETRONAS CARIGALI SALARY,Primary Income,CR
FELDA FFB MONTHLY PRODUCTION,Other Income,CR
KL LAW FIRM BONUS,Other Income,CR
OFFSHORE PLATFORM SUPPLIES,Other Fees,DR
FELDA STORE GROCERIES,Shopping,DR
SAPURA ENERGY CONTRACT PAYMENT,Other Fees,DR
BANK MANAGER SALARY,Primary Income,CR
FELDA FERTILIZER SUBSIDY,Other Income,CR
OIL RIG WORKER OT PAYMENT,Other Income,CR
FELDA CHILD EDUCATION ALLOWANCE,Other Income,CR
PETRONAS RAPID CONTRACTOR PAYMENT,Other Income,CR
SARAWAK OIL PALM HARVESTER,Other Income,CR
TENAGA NASIONAL GLC SALARY,Primary Income,CR
JOHOR SME FACTORY WORKER,Other Income,CR
BINTULU LNG SUBSIDIARY BONUS,Other Income,CR
JELUTONG FISHERMAN CO-OP,Other Income,CR
PENGERANG REFINERY SUPPLIES,Other Fees,DR
NEGERI SEMBILAN RUBBER TAPPER,Other Income,CR
SIME DARBY PLANTATION WAGE,Other Income,CR
PENANG SME ELECTRONICS WORKER,Other Income,CR
GOVERNMENT TEACHER SALARY,Primary Income,CR
LANGKAWI DUTY-FREE SHOPPING,Shopping,DR
PASAR MALAM SATAY VENDOR DEPOSIT,Other Income,CR
REDANG ISLAND RESORT STAFF,Other Income,CR
JPNJ GOVT CLERK SALARY,Primary Income,CR
PANGKOR FISHERMAN DAILY CATCH,Other Income,CR
PASAR MALAM ROTI CANAI SALES,Other Income,CR
TIOMAN DIVING INSTRUCTOR,Other Income,CR
PUTRAJAYA GOVT IT STAFF,Primary Income,CR
PERHENTIAN ISLAND BOAT FUEL,Travel Expenses,DR
GRAB DRIVER Income (E-WALLET),Other Income,CR
AEON BIG GROCERIES (DEBIT CARD),Shopping,DR
MBO CINEMA (PREPAID CARD),Entertainment,DR
PAYPAL FREELANCE Income,Other Income,CR
PASAR PAYONG CASH PURCHASE,Shopping,DR
SHOPEE SELLER PAYOUT (BANK),Other Income,CR
ZUS COFFEE (APP PAYMENT),Food,DR
CASH DEPOSIT (BANK COUNTER),Deposit,CR
TNG HIGHWAY TOLL (RFID),Travel Expenses,DR
PTPTN AUTODEBIT REPAYMENT,Other Loans,DR
ATOME BNPL (SENHENG ELECTRONICS),E-Wallet,DR
BKM AID (BANTUAN KELUANGAN MALAYSIA),Other Income,CR
PUBLIC GOLD INSTALMENT,Other Loans,DR
SPLIT PAY (SHOPEE PAYLATER),E-Wallet,DR
KIJANG EMAS PURCHASE,Shopping,DR
STR (SARA TUNGGAL RAKYAT) AID,Other Income,CR
GX BANK BNPL (IPHONE 15),E-Wallet,DR
MAYBANK GOLD ACCUMULATOR,Investment,DR
PAYUNG COMMUNITY CASH AID,Other Income,CR
LZD PAYLATER (LAZADA),E-Wallet,DR
FUNDAZTECH P2P INTEREST,Investment,CR
LUNO BITCOIN PURCHASE,Investment,DR
ASB DIVIDEND CREDIT,Investment,CR
P2P CAPITAL REDEMPTION,Investment,CR
TOKENIZE ETHEREUM SALE,Investment,CR
PRS UNIT TRUST DIVIDEND,Investment,CR
MODALKITA P2P LOAN,Other Loans,DR
LUNO WALLET WITHDRAWAL,Investment,DR
ASB 2 DIVIDEND,Investment,CR
STAKEFISH P2P REWARDS,Investment,CR
WAHED ISLAMIC PORTFOLIO,Investment,CR
STASHAWAY GENERAL ETF,Investment,CR
LEAP MARKET IPO SUBSCRIPTION,Investment,DR
BIMB ISLAMIC DIVIDEND,Investment,CR
CONVENTIONAL UNIT TRUST FEE,Investment,DR
WAHED HALAL STAKING,Investment,CR
MAYBANK CONVENTIONAL DIVIDEND,Investment,CR
LEAP MARKET ALLOTMENT,Investment,CR
CIMB ISLAMIC SUKUK,Investment,CR
STASHAWAY REBALANCING,Investment,DR
GSC MOVIE TICKETS (TNG eWallet),Entertainment,DR
GENTING SKYCASINO CHIP PURCHASE,Entertainment,DR
SPOTIFY FAMILY PLAN,Entertainment,DR
AIRASIA SUPER+ CONCERT TICKET,Entertainment,DR
IPL CRICKET BETTING (EWALLET),Entertainment,DR
THE WATERFRONT DINING,Food,DR
MAMAK KARAOKE SESSION,Entertainment,DR
NETFLIX PREMIUM PLAN,Entertainment,DR
ESCAPE THEME PARK PENANG,Entertainment,DR
MALAYSIA CUP FINAL TICKET,Entertainment,DR
AIRASIA KUL-BKK PROMO FARE,Travel Expenses,DR
MALINDO AIR KUL-SIN,Travel Expenses,DR
SINGAPORE AIRLINES KUL-LHR,Travel Expenses,DR
BATIK AIR KUL-KCH,Travel Expenses,DR
AIRASIA SUPER+ ANNUAL PASS,Travel Expenses,DR
MALAYSIA AIRLINES KUL-JPN,Travel Expenses,DR
SCOOT KUL-SIN (BUNDLE),Travel Expenses,DR
FIREFLY SUBANG-PENANG,Travel Expenses,DR
AIRASIA BAG ADD-ON,Travel Expenses,DR
MAS HOLIDAYS PACKAGE,Travel Expenses,DR
KLIA2 PREMIUM LOUNGE ACCESS,Travel Expenses,DR
ALLIANZ TRAVEL INSURANCE,Insurance,DR
AIRASIA BIG POINTS REDEMPTION,Cashback,CR
STARBUCKS KLIA2,Food,DR
ENRICH MILES UPGRADE KUL-LHR,Investment,CR
DUTY FREE LIQUOR (LANGKAWI),Shopping,DR
AIRPORT TAXI TO CITY,Travel Expenses,DR
TRAVEL SIM CARD (KLIA),Travel Expenses,DR
MAS GOLDEN LOUNGE PASS,Travel Expenses,DR
AIRASIA SELF CHECK-IN BAG DROP,Travel Expenses,DR
BAS EKSPRES KUALA PERLIS-PENANG,Travel Expenses,DR
TUNE HOTEL LCCT (6H STOPOVER),Travel Expenses,DR
KTM KOMUTER DAY PASS,Travel Expenses,DR
MAMAK MOVIE NIGHT (DVD PIRATED),Entertainment,DR
FAMILY MART AIRPORT MEAL,Food,DR
BUDGET AIRLINE PROMO FARE (KUL-JB),Travel Expenses,DR
PAKATAN TRAVEL BUS KUL-PEN,Travel Expenses,DR
PASAR MALAM TRAVEL SNACKS,Food,DR
PUBLIC PHONE AT AIRPORT,Utilities,DR
TRAVEL MINISTRY SUBSIDY TRIP,Other Income,CR
MY50 UNLIMITED MONTHLY PASS,Travel Expenses,DR
PPR FLAT TO KL SENTRAL (RAPIDKL),Travel Expenses,DR
BANGLADESHI WORKER REMITTANCE,Other Income,CR
KEDAI RUNCIT BANGLA PURCHASE,Shopping,DR
NEPALI WORKER SIM TOPUP,Utilities,DR
PPR COMMUNITY MOVIE NIGHT,Entertainment,DR
INDONESIAN WORKER BANK FEE,Bank Fees,DR
MYBAS JB-SINGAPORE WORK TRIP,Travel Expenses,DR
MAMAK FAIR USAGE (3 HOURS),Food,DR
FOREIGN WORKER PHONE CALL,Utilities,DR
PTPTN STUDENT LOAN DISBURSEMENT,Education,CR
PKNS LOW-COST FLAT RENT,Mortgage,DR
RURAL SARAWAK SCHOOL BUS FEE,Education,DR
E-KASIH FOOD AID VOUCHER,Food,DR
KAMPUNG KEDAI KOPI BREAKFAST,Food,DR
UITM PHOTOCOPY NOTES,Education,DR
STR CASH AID (B40),Other Income,CR
FELDA SCHOOL UNIFORM SUBSIDY,Education,CR
CITY POOR (FLAT SRI PERMAI RENT),Mortgage,DR
RURAL KELANTAN FISHER'S LUNCH,Food,DR
GRABPARTNER WEEKLY EARNINGS,Other Income,CR
ORANG ASLI HANDICRAFT SALE,Other Income,CR
ESTATE WORKER TAPPING BONUS,Other Income,CR
PASAR MALAM TEMPORARY STALL,Other Income,CR
OA SETTLEMENT RICE SUBSIDY,Other Income,CR
KL SENTRAL CAR WASH WORK,Other Fees,DR
RUBBER ESTATE SHOP ADVANCE,Other Income,CR
FREELANCE TAILORING (KAMPUNG),Other Income,CR
KEROPOK LEKO HOME INDUSTRY,Other Income,CR
GOVERNMENT BUS DRIVER OT,Other Income,CR
ROHINGYA HANDYMAN DAILY WAGE,Other Income,CR
KITAR SEMULA (RECYCLING),Other Income,CR
OKU MONTHLY ALLOWANCE,Other Income,CR
REFUGEE CLINIC SUBSIDY FEE,Personal Expenses,DR
WASTE COLLECTOR BIKE REPAIR,Other Fees,DR
OKU WORKSHOP EARNINGS,Other Income,CR
ROHINGYA TAILOR SHOP RENT,Other Income,CR
KARANG GUNI JUNK BUY,Shopping,DR
BLIND MASSAGE THERAPIST,Personal Expenses,DR
REFUGEE CASH TRANSFER HOME,Transfer,CR
SOUP KITCHEN (PERTIWI),Food,DR
STATELESS SCHOOL FEE,Education,DR
PRISON PHONE CREDIT TOPUP,Utilities,DR
KAMPUNG PHOTOCOPY IC,Education,DR
REFUGEE TUTION CENTER FEE,Education,DR
SURAT IKRAR (STATELESS),Other Fees,DR
PRISON CANTEEN DEPOSIT,Deposit,CR
STREET HAWKER PERMIT (ILLEGAL),Other Fees,DR
CHILD VACCINATION (CLINIC),Personal Expenses,DR
NGO SCHOOL BUS SUBSIDY,Education,DR
UNDOCUMENTED BIRTH CERTIFICATE,Other Fees,DR
REFUGEE CAMP WATER TANK,Utilities,DR
STREET CHILD CAR WINDOW WIPE,Other Fees,DR
BIRTH REGISTRATION 'AGENT' FEE,Other Fees,DR
CAMP SOLAR LIGHT CHARGING,Other Fees,DR
FLOWER SELLING (TRAFFIC LIGHT),Other Income,CR
NGO LEGAL AID SUBSIDY,Other Income,CR
REFUGEE CANDLE (NO ELECTRICITY),Other Fees,DR
STREET MUSIC PERFORMANCE,Other Income,CR
COMMUNITY MIDWIFE DELIVERY,Personal Expenses,DR
SALARY OCT 2023,Primary Income,CR
MAYBANK ATM WITHDRAWAL,Withdrawal,DR
LOTUS'S GROCERIES,Shopping,DR
TNB ELECTRIC BILL,Utilities,DR
GRAB RIDE TO WORK,Travel Expenses,DR
SHOPEE PHONE CASE,Shopping,DR
PTPTN LOAN REPAYMENT,Other Loans,DR
MAMAK DINNER,Food,DR
DIGI PREPAID TOPUP,Utilities,DR
POS LAJU POSTAGE,Other Fees,DR
KEDAI RUNCIT CASH PURCHASE,Shopping,DR
MOVIE TICKET (TGV TUESDAY),Entertainment,DR
FAMILY MART BREAKFAST,Food,DR
MYEG ROAD TAX RENEWAL,Other Fees,DR
SHOPEEPAY BILL PAYMENT,Other Fees,DR
KTM COMMUTER PASS,Travel Expenses,DR
WET MARKET WEEKLY SHOP,Shopping,DR
TEALIVE BUBBLE TEA,Food,DR
LAZADA HAIRCARE,Shopping,DR
PETRONAS FUEL,Travel Expenses,DR
ASTRO BILL,Utilities,DR
DENTAL CHECKUP (GOV CLINIC),Personal Expenses,DR
OLDTOWN WHITE COFFEE,Food,DR
99 SPEEDMART ESSENTIALS,Shopping,DR
GRABFOOD PROMO MEAL,Food,DR
PASAR MALAM FRUITS,Food,DR
MYNEWS MAGAZINE,Shopping,DR
TOUCH 'N GO RELOAD,E-Wallet,DR
UNIQLO BASIC TSHIRT,Shopping,DR
MCDONALD'S VALUE MEAL,Food,DR
WATSONS MEDICINE,Personal Expenses,DR
PARKING FEE (DBKL),Travel Expenses,DR
KOPITIAM BREAKFAST,Food,DR
SHOPEE CASHBACK CREDIT,Cashback,CR
MAXIS BROADBAND,Utilities,DR
MINI BUS FARE,Travel Expenses,DR
PHARMACY VITAMINS,Personal Expenses,DR
MYDIN MONTHLY STOCKUP,Shopping,DR
SALARY NOV 2023,Primary Income,CR
HAIRCUT (KAMPUNG BARBER),Personal Expenses,DR
STARBUCKS TREAT,Food,DR
PAYPAL FREELANCE EARNINGS,Other Income,CR
YONEX SHUTTLECOCKS,Personal Expenses,DR
KINDERGARTEN FEE,Education,DR
PASAR MALAM SNACKS,Food,DR
LRT MONTHLY PASS,Travel Expenses,DR
SECRET RECIPE CHEESECAKE,Food,DR
MR DIY HOME REPAIR,Shopping,DR
MYNEWS CONVENIENCE STORE,Shopping,DR
TRAFFIC FINE (AES),Other Fees,DR
KFC DINNER PROMO,Food,DR
SHOPEE CNY CLOTHES,Shopping,DR
GUARDIAN MEDICINE,Personal Expenses,DR
PETRON MOBILE RELOAD,E-Wallet,DR
PARKSON SALE ITEM,Shopping,DR
GRABPARTNER EARNINGS,Other Income,CR
WATER BILL (SYABAS),Utilities,DR
MAMAK SUPPER,Food,DR
TNG E-WALLET CASHBACK,Cashback,CR
CHRISTMAS GIFT (MINISO),Shopping,DR
CAR WASH (SELF-SERVICE),Travel Expenses,DR
GSC MOVIE (EARLY BIRD),Entertainment,DR
CHRISTMAS BUFFET,Food,DR
MYDIN DISCOUNTED ITEMS,Shopping,DR
PHONE SCREEN REPAIR,Personal Expenses,DR
KINOKUNIYA BOOK SALE,Shopping,DR
NEW YEAR'S EVE PARTY,Entertainment,DR
IPHONE CREDIT INSTALLMENT,Other Loans,DR
NEW YEAR COUNTDOWN TICKET,Entertainment,DR
SALARY DEC 2023,Primary Income,CR
MAYBANK ATM WITHDRAWAL,Withdrawal,DR
AEON BIG NEW YEAR SALE,Shopping,DR
MAXIS POSTPAID BILL,Utilities,DR
GRAB RIDE TO AIRPORT,Travel Expenses,DR
STARBUCKS NEW YEAR PROMO,Food,DR
SHOPEE CNY DECOR,Shopping,DR
TNB ELECTRIC BILL,Utilities,DR
KOPITIAM BREAKFAST,Food,DR
GUARDIAN VITAMIN C,Personal Expenses,DR
PARKING FEE (MALL),Travel Expenses,DR
LOTUS'S CNY PROMO,Shopping,DR
HAIRCUT (SALOON),Personal Expenses,DR
GRABFOOD WEEKEND MEAL,Food,DR
DIGI INTERNET ADD-ON,Utilities,DR
PETRONAS CNY FUEL PROMO,Travel Expenses,DR
WET MARKET CNY ITEMS,Shopping,DR
ANG PAO MONEY (GIVING),Other Fees,DR
MOVIE TICKET (CNY SPECIAL),Entertainment,DR
MAMAK CNY EVE DINNER,Food,DR
ANG PAO MONEY (RECEIVED),Other Income,CR
PUBLIC BANK ATM FEE,Bank Fees,DR
SHOPEE CNY CASHBACK,Cashback,CR
KARAOKE SESSION,Entertainment,DR
POSTAGE (CNY CARD),Other Fees,DR
TEALIVE CNY PROMO,Food,DR
MR DIY RED DECOR,Shopping,DR
KFC CNY SET MEAL,Food,DR
LRT CNY TRAVEL PASS,Travel Expenses,DR
CNY OPEN HOUSE GIFT,Other Fees,DR
SALARY JAN 2024,Primary Income,CR
SALARY (DIGITAL MARKETER @ KUALA LUMPUR),Primary Income,CR
SEPHORA MALAYSIA HAUL (FENTY BEAUTY),Shopping,DR
STARBUCKS RESERVE BANGSAR,Food,DR
SUNWAY LAGOON TICKET (WEEKEND),Entertainment,DR
WATSONS MEMBERSHIP RENEWAL,Personal Expenses,DR
THE BODY SHOP VITAMIN E MOISTURIZER,Shopping,DR
TREC KL (ZOUK CLUB COVER CHARGE),Entertainment,DR
INNISFREE GREEN TEA SERUM @ PAVILION,Shopping,DR
BRUNCH @ VCR BANGSAR,Food,DR
SALON VISAGE (HAIR COLOR + CUT),Personal Expenses,DR
NETFLIX SUBSCRIPTION,Entertainment,DR
GUARDIAN ACNE PATCHES,Personal Expenses,DR
TAPESTRY KL (LIVE MUSIC BAR),Entertainment,DR
SASA EYELASH EXTENSION,Personal Expenses,DR
CHATIME BOBA TEA (BUY 1 FREE 1),Food,DR
SUNSILK SHAMPOO @ 99 SPEEDMART,Shopping,DR
CINEMA @ GSC MID VALLEY (MARVEL MOVIE),Entertainment,DR
L'OCCITANE HAND CREAM @ KLIA2,Shopping,DR
SOCIAL BREW CAFE (INSTA-WORTHY LATTE),Food,DR
NAKED UV NAIL SALON (GEL MANI),Personal Expenses,DR
SPOTIFY PREMIUM DUO,Entertainment,DR
THE FACE SHOP SHEET MASKS (5-PACK),Shopping,DR
PIZZA MANSION (TGIF NIGHT),Food,DR
SALON KUR (BLOWOUT HAIR),Personal Expenses,DR
GRAM CAFE (JAPANESE PANCAKES),Food,DR
MAC STUDIO FIX FOUNDATION @ ROBINSONS,Shopping,DR
ESCAPE ROOM @ MYSTERIA DAMANSARA,Entertainment,DR
BATH & BODY WORKS (3-WICK CANDLE),Shopping,DR
J.CO DONUTS + COFFEE COMBO,Food,DR
SALON DE CHOCOLAT (HAIR TREATMENT),Personal Expenses,DR
TGV CINEMA (EARLY BIRD TICKET),Entertainment,DR
INNISFREE NO-SEBUM POWDER @ LOT10,Shopping,DR
COMMUNE @ THE GARDENS MALL,Shopping,DR
SIGNATURE MARKET (ORGANIC SHAMPOO),Shopping,DR
JAYA GROCER (IMPORTED WINE),Shopping,DR
NAILSPA @ 1 UTAMA (PEDICURE),Personal Expenses,DR
HARVEY NORMAN (AIR PURIFIER),Shopping,DR
% ARABICA COFFEE @ BANGSAR VILLAGE,Food,DR
SASA LIPSTICK (YSL DUPE),Shopping,DR
AXIS CLUB (WEDNESDAY LADIES NIGHT),Entertainment,DR
GUARDIAN RETINOL SERUM,Shopping,DR
BASKIN ROBBINS (FAMILY PACK),Food,DR
SALON KRISTOF (BALAYAGE HIGHLIGHTS),Personal Expenses,DR
THE BOTANIST (CRAFT COCKTAIL),Entertainment,DR
LANEIGE SLEEPING MASK @ SOGO,Shopping,DR
NANDO'S (PERI-PERI MEAL),Food,DR
SUNPLAY SUNSCREEN @ WATSONS,Personal Expenses,DR
PADI HOUSE (JAZZ BAR),Entertainment,DR
SALON DE PONY (FRINGE TRIM),Personal Expenses,DR
TSUJIRI MATCHA ICE CREAM,Food,DR
SALARY (DIGITAL MARKETER),Primary Income,CR
OLIVE YOUNG ONLINE ORDER (K-BEAUTY),Shopping,DR
COMMON GROUND CAFE (AVOCADO TOAST),Food,DR
SILKYGIRL MAKEUP @ GUARDIAN,Shopping,DR
ESCAPE THEME PARK (WEEKEND),Entertainment,DR
SALON KAKAK (KERATIN TREATMENT),Personal Expenses,DR
HARMAY BEAUTY (TRAVEL SIZE PERFUMES),Shopping,DR
BEN'S INDEPENDENT GROCER (GOURMET CHEESE),Shopping,DR
SALON DE BRILLIANT (GLOSS TREATMENT),Personal Expenses,DR
THE GARDENS MALL CINEMA,Entertainment,DR
INNISFREE NO-SEBUM BLUR PRIMER,Shopping,DR
PIZZA HUT (STUDENT DEAL),Food,DR
SALON LUMIERE (TONER REFRESH),Personal Expenses,DR
MANGO TANGO (THAI DESSERT),Food,DR
THE FACE SHOP EYEBROW PENCIL,Shopping,DR
SOUL SOCIETY (YOGA CLASS),Personal Expenses,DR
SASA EYELINER (K-POP STYLE),Personal Expenses,DR
STARBUCKS LIMITED EDITION TUMBLER,Shopping,DR
SALON VANITY (BLOWDRY),Personal Expenses,DR
TWG TEA (AFTERNOON TEA SET),Food,DR
SALARY (DIGITAL MARKETER),Primary Income,CR
LANEIGE LIP SLEEPING MASK,Shopping,DR
THE MUSSEL POT (SEAFOOD DINNER),Food,DR
SALON GLAM (HAIR EXTENSIONS),Personal Expenses,DR
BASKIN ROBBINS PINT,Food,DR
THE BODY SHOP TEA TREE OIL,Shopping,DR
PADINI ICONIC TSHIRT,Shopping,DR
SALON DE AMOUR (BRIDAL TRIAL),Personal Expenses,DR
SOCIALS @ TREC KL,Entertainment,DR
WATSONS FACE MASK BUNDLE,Personal Expenses,DR
THE COFFEE BEAN (RESERVE BLEND),Food,DR
SALON DE LUXE (OMBRE COLOR),Personal Expenses,DR
SALARY (DIGITAL MARKETER),Primary Income,CR
SASA PERFUME MINI SET,Shopping,DR
COMMUNE (WEEKEND BRUNCH),Food,DR
SALON DE CHIC (HAIR SPA),Personal Expenses,DR
GUARDIAN SUNSCREEN REPURCHASE,Personal Expenses,DR
THE LITTLE DONUTS (INSTA POST),Food,DR
SALON DE VOGUE (BANG TRIMMING),Personal Expenses,DR
SUNWAY PYRAMID ICE SKATING,Entertainment,DR
SASA EYEBROW MICROBLADING,Personal Expenses,DR
THE BOTANIST (ANNIVERSARY DINNER),Food,DR
SALON DE MODE (KERATIN SMOOTHING),Personal Expenses,DR
J.CO DONUTS (12-PACK),Food,DR
LANEIGE WATER BANK MOISTURIZER,Shopping,DR
SOCIAL BREW (LATTE ART CLASS),Entertainment,DR
SALON DE BEAUTE (DETANGLING),Personal Expenses,DR
THE FACE SHOP CC CREAM,Shopping,DR
PIZZA MANSION (GROUP HANGOUT),Food,DR
SALON DE PARIS (BLOWOUT),Personal Expenses,DR
RAMADAN BAZAAR BREAKFAST,Food,DR
KUIH RAYA PRE-ORDER,Food,DR
CAR BATTERY REPLACEMENT,Travel Expenses,DR
SALARY FEB 2024,Primary Income,CR
RAYA CLOTHES (PASAR MALAM),Shopping,DR
HOSPITAL DEPOSIT (FLU),Deposit,CR
ZAKAT FITRAH,Other Fees,DR
TOLL RAYA BALIK KAMPUNG,Travel Expenses,DR
DUIT RAYA (GIVING),Other Fees,DR
KAMPUNG BUS TICKET,Travel Expenses,DR
SAMBAL IKAN BILIS INGREDIENTS,Food,DR
PHONE SCREEN CRACK REPAIR,Personal Expenses,DR
BALIK KAMPUNG FUEL,Travel Expenses,DR
SERUNDING BEEF (BAZAAR),Food,DR
DUIT RAYA (RECEIVED),Other Income,CR
KETUPAT PALM LEAVES,Food,DR
PARKING FINE (RAYA VISIT),Travel Expenses,DR
KAMPUNG ELECTRIC BILL,Utilities,DR
MURAH DEPARTMENT STORE,Shopping,DR
BALIK KAMPUNG TOLL RETURN,Travel Expenses,DR
KERETA SEWA (RAYA WEEK),Travel Expenses,DR
KAMPUNG WATER BILL,Utilities,DR
LEMANG & RENDANG ORDER,Food,DR
POST-RAYA SALE SHOPPING,Shopping,DR
GRAB RAYA SURCHARGE,Travel Expenses,DR
DENTAL FILLING (EMERGENCY),Personal Expenses,DR
SALARY MAR 2024,Primary Income,CR
PHONE BILL OVERDUE FEE,Utilities,DR
KIDNEY MEDICINE (DAD),Personal Expenses,DR
PAHANG FLOOD RELIEF DONATION,Other Fees,DR
MOTORCYCLE TYRE REPLACEMENT,Travel Expenses,DR
KULIMAT TERNAK AYAM,Food,DR
CLINIC FEVER MEDICATION,Personal Expenses,DR
KAMPUNG FISHERMAN LOAN,Small Loans,DR
TELEKOM MALAYSIA BILL (LATE FEE),Utilities,DR
KAMPUNG CHICKEN FARM FEED,Food,DR
BROKEN SPECTACLES REPAIR,Personal Expenses,DR
WET MARKET FISH PURCHASE,Food,DR
KAMPUNG COMMUNITY POTLUCK,Food,DR
SALARY APR 2024,Primary Income,CR
KAMPUNG ROOF LEAK REPAIR,Mortgage,DR
AYAM GORENG BEREMPAH,Food,DR
KAMPUNG BUS FARE TO TOWN,Travel Expenses,DR
POS MALAYSIA MONEY ORDER,Other Fees,DR
KAMPUNG TUCK SHOP CREDIT,Deposit,CR
DAPUR KAMPUNG GAS REFILL,Utilities,DR
KAMPUNG BIKE TAXI,Travel Expenses,DR
KEDAI RUNCIT KOPI 'O',Shopping,DR
KAMPUNG WELL WATER PUMP,Utilities,DR
SAMBAL BELACAN PURCHASE,Food,DR
KAMPUNG PHONE BOOTH CALL,Utilities,DR
KAMPUNG BARBER HAIRCUT,Personal Expenses,DR
KAMPUNG COMMUNITY FEAST,Food,DR
KAMPUNG FISHING GEAR,Shopping,DR
KAMPUNG TINNED MILK,Food,DR
KAMPUNG MOSQUITO COIL,Shopping,DR
KAMPUNG BICYCLE TUBE,Shopping,DR
KAMPUNG KIDS SCHOOL FEE,Education,DR
KAMPUNG BUFFALO RENTAL,Mortgage,DR
KAMPUNG TEMPORARY WORK,Other Income,CR
SALARY MAY 2024,Primary Income,CR
KAMPUNG RICE PURCHASE,Food,DR
KAMPUNG CHICKEN PURCHASE,Food,DR
KAMPUNG VEGETABLE SEEDS,Shopping,DR
KAMPUNG FLOUR MILLING,Shopping,DR
KAMPUNG SUGAR PURCHASE,Food,DR
KAMPUNG OIL PURCHASE,Food,DR
KAMPUNG FISHERMAN NET,Shopping,DR
KAMPUNG TEMPLE DONATION,Other Fees,DR
KAMPUNG HANDICRAFT SALE,Other Income,CR
KAMPUNG RATTAN CHAIR REPAIR,Other Fees,DR
KAMPUNG FRUIT HARVEST,Other Income,CR
KAMPUNG WEDDING GIFT,Other Fees,DR
KAMPUNG BIRTHDAY GIFT,Other Fees,DR
KAMPUNG FISH CATCH,Other Income,CR
KAMPUNG COCONUT PURCHASE,Food,DR
KAMPUNG BANANA TREE SALE,Other Income,CR
KAMPUNG TEMPLE FESTIVAL,Other Income,CR
KAMPUNG HENNA PURCHASE,Personal Expenses,DR
KAMPUNG COFFEE BEANS,Shopping,DR
KAMPUNG RICE WINE,Food,DR
KAMPUNG BAMBOO CRAFT,Other Income,CR
KAMPUNG HERBAL MEDICINE,Personal Expenses,DR
KAMPUNG FISHING LICENSE,Other Fees,DR
KAMPUNG COCONUT OIL,Food,DR
KAMPUNG FLOOD RELIEF,Other Fees,DR
KAMPUNG MOSQUE DONATION,Other Fees,DR
KAMPUNG FISH BAIT,Shopping,DR
KAMPUNG HOMEMADE JAM,Food,DR
KAMPUNG FARM TOOLS,Shopping,DR
SALARY JUN 2024,Primary Income,CR
KAMPUNG CHICKEN SALE,Other Income,CR
KAMPUNG DUCK PURCHASE,Food,DR
KAMPUNG EGG SALE,Other Income,CR
KAMPUNG VEGETABLE SALE,Other Income,CR
KAMPUNG FISH SALE,Other Income,CR
KAMPUNG FRUIT SALE,Other Income,CR
KAMPUNG HONEY PURCHASE,Food,DR
KAMPUNG HANDICRAFT SALE,Other Income,CR
KRAMADAN BAZAAR @ KAMPUNG BARU,Food,DR
KUIH RAYA FROM KAK YAH PRE-ORDER,Food,DR
CAR BATTERY REPLACEMENT @ PROTON SERVICE CENTER,Travel Expenses,DR
SALARY FEB 2024 (ABC MANUFACTURING),Primary Income,CR
BAJU KURUNG @ PASAR MALAM SRI RAMPAI,Shopping,DR
HOSPITAL KUALA LUMPUR DEPOSIT (FLU),Deposit,CR
ZAKAT FITRAH @ MASJID NEGARA,Other Fees,DR
TOLL PLUS @ PLUS HIGHWAY (RAYA TRAVEL),Travel Expenses,DR
DUIT RAYA (GIVING TO NIECES/NEPHEWS),Other Fees,DR
BUS EKSPRES PERDANA @ TERMINAL BERSEPADU SELATAN,Travel Expenses,DR
SAMBAL IKAN BILIS INGREDIENTS @ 99 SPEEDMART,Food,DR
PHONE SCREEN REPAIR @ LOW YAT PLAZA,Personal Expenses,DR
PETRONAS PRIMAX @ PETRON BANGI,Travel Expenses,DR
SERUNDING DAGING @ BAZAAR RAMADAN PUCHONG,Food,DR
DUIT RAYA (RECEIVED FROM UNCLE),Other Income,CR
DAUN PALAS @ PASAR TANI TTDI,Food,DR
PARKING COMPOUND @ DBKL,Travel Expenses,DR
TNB ELECTRIC BILL @ KAMPUNG HOUSE,Utilities,DR
RAYA DECOR @ MR DIY PUCHONG,Shopping,DR
TOLL PLUS @ PLUS HIGHWAY (RETURN TRIP),Travel Expenses,DR
KERETA SEWA @ MAYBANK CAR RENTAL,Travel Expenses,DR
AIR SELANGOR WATER BILL @ KAMPUNG,Utilities,DR
LEMANG & RENDANG @ WARUNG MAK CIK KAMARIAH,Food,DR
POST-RAYA SALE @ AEON BIG CHERAS,Shopping,DR
GRAB RAYA SURCHARGE,Travel Expenses,DR
DENTAL FILLING @ KLINIK KESIHATAN,Personal Expenses,DR
SALARY MAR 2024 (ABC MANUFACTURING),Primary Income,CR
MAXIS POSTPAID BILL (LATE FEE),Utilities,DR
UBAT BUAH PINGGANG @ FARMASI CARING,Personal Expenses,DR
BANTUAN BENCANA BANJIR @ MAYBANK ISLAMIC,Other Income,CR
MOTORCYCLE TYRE @ KEDAI MOTOR AH CHONG,Travel Expenses,DR
description,category,type
JUALAN BUAH DURIAN,Other Income,CR
MADU LEBAH @ PASAR TANI,Other Income,CR
JUALAN ANYAMAN @ PUSAT KRAF,Other Income,CR
DANA KUIL @ KUIL KAMPUNGAMPUNG TEMPLE OFFERING,Other Income,CR
ALLOWANCE (PART-TIME TUTOR),Other Income,CR
SUNWAY COLLEGE TUITION FEE,Education,DR
SHEIN HAUL (LINGERIE SET),Shopping,DR
STARBUCKS STUDY SESSION,Food,DR
ZALORA BACK-TO-SCHOOL SALE,Shopping,DR
FOREVER21 BRA SET @ PARADIGM MALL,Shopping,DR
CHATIME BOBA (TIKTOK VIRAL FLAVOR),Food,DR
K-POP DANCE CLASS @ MYDANCE STUDIO,Education,DR
WATSONS ACNE KIT (CERAVE),Shopping,DR
TREC KL (UNDERAGE ENTRY W/ FAKE ID,Entertainment,DR
SASA EYELASH SERUM,Shopping,DR
INTI COLLEGE TEXTBOOKS,Education,DR
VICTORIA'S SECRET PINK (IMPORTED),Shopping,DR
THE COFFEE BEAN GROUP STUDY,Food,DR
GUARDIAN SUNSCREEN (BiorÃ© UV),Shopping,DR
PRIVATE TUITION (ADD MATH),Education,DR
SHEGLAM MAKEUP @ SHOPEE,Shopping,DR
AXIS CLUB (STUDENT THURSDAY),Personal Expenses,DR
PADINI STUDENT DISCOUNT TSHIRT,Shopping,DR
TEALIVE MILK TEA + PEARLS,Food,DR
SUNWAY LAGOON STUDENT PASS,Entertainment,DR
LAZADA BRA SET (6-PACK),Shopping,DR
GRAMMARLY PREMIUM (STUDENT PLAN),Education,DR
SALON KAKAK (BLUNT CUT),Personal Expenses,DR
SOCIALS @ ZOUK KL (LADIES NIGHT),Entertainment,DR
SHEIN CORSET TOP,Shopping,DR
KUMON MATH TUITION,Education,DR
INNISFREE JEJU CHERRY BLOSSOM SET,Shopping,DR
J.CO DONUTS (INSTA STORY WORTHY),Food,DR
VICTORIA'S SECRET BODY MIST,Shopping,DR
TAR COLLEGE LAB FEE,Education,DR
SASA EYEBROW TATTOO PROMO,Shopping,DR
STARBUCKS PSL (FALL LIMITED),Food,DR
H&M LINGERIE SALE,Shopping,DR
K-POP RANDOM DANCE @ SUNWAY PYRAMID,Entertainment,DR
THE FACE SHOP COLLAGEN SET,Shopping,DR
PRIVATE BAHASA INGGERIS TUITION,Education,DR
SHEIN LACE BRA (TIKTOK TREND),Shopping,DR
CHATIME x BTS LIMITED CUP,Food,DR
GUARDIAN RETINOL SERUM,Shopping,DR
CLUBBING @ PLAY CLUB (FAKE ID),Entertainment,DR
SUNWAY COLLEGE PARKING FEE,Other Fees,DR
SALON DE PONY (BANGS TRIM),Personal Expenses,DR
ALLOWANCE (FREELANCE DESIGN),Other Income,CR
INTI SEMESTER FEE,Education,DR
SHEIN SWIMWEAR (BEACH TRIP),Shopping,DR
BASKIN ROBBINS PINT (DORM NIGHT),Food,DR
WATSONS ACNE PATCHES,Shopping,DR
ZOUK KL (BIRTHDAY BOTTLE SERVICE),Entertainment,DR
SUNWAY LECTURE NOTES PRINTING,Education,DR
SHEGLAM LIP OIL @ SHOPEE,Shopping,DR
TEALIVE x DISNEY COLLAB CUP,Food,DR
GUARDIAN MAKEUP REMOVER,Shopping,DR
KPOP RANDOM DANCE WORKSHOP,Education,DR
SHEIN CORSET BRA (TIKTOK TREND),Shopping,DR
STARBUCKS RESERVE (DATE NIGHT),Food,DR
SALON KAKAK (TOUCH-UP COLOR),Personal Expenses,DR
TAR UC LIBRARY FINE,Education,DR
LAZADA SPORTS BRA (GYM),Shopping,DR
% ARABICA COFFEE (INSTA PIC),Food,DR
SASA EYEBROW MICROBLADING,Shopping,DR
SUNWAY PYRAMID ICE SKATING,Entertainment,DR
H&M LACE BODYSUIT,Shopping,DR
CHATIME x HELLO KITTY COLLAB,Food,DR
GUARDIAN ALCOHOL-FREE TONER,Shopping,DR
PLAY CLUB (STUDENT WEDNESDAY),Entertainment,DR
SHEIN SILK NIGHTGOWN,Shopping,DR
THE COFFEE BEAN (ALL-NIGHTER),Food,DR
SALON VANITY (FRINGE TRIM),Personal Expenses,DR
INTI GROUP PROJECT PRINTING,Education,DR
SHEGLAM FOUNDATION @ SHOPEE,Shopping,DR
J.CO DONUTS (STUDY FUEL),Food,DR
WATSONS FACE MASK BUNDLE,Shopping,DR
ZOUK KL (HALLOWEEN PARTY),Entertainment,DR
ALLOWANCE (PART-TIME WAITRESS),Other Income,CR
SUNWAY TEXTBOOK 2ND HAND,Education,DR
SHEIN LACE TEDDY (VDAY GIFT),Shopping,DR
CHATIME (TARIK BUBBLE TEA),Food,DR
SALON DE MODE (BLOWOUT),Personal Expenses,DR
GUARDIAN SUNSCREEN REFILL,Shopping,DR
KPOP DANCE COVER SHOOT,Entertainment,DR
FOREVER21 PUSH-UP BRA,Shopping,DR
STARBUCKS CHRISTMAS CUPS,Food,DR
SALON KAKAK (TOUCH-UP ROOTS),Personal Expenses,DR
INTI FINAL EXAM FEE,Education,DR
SHEIN SILK ROBE (SELFIE WORTHY),Shopping,DR
TEALIVE (STUDY BREAK),Food,DR
WATSONS RETINOL EYE CREAM,Shopping,DR
TREC KL (BIRTHDAY TREAT),Entertainment,DR
SUNWAY GRADUATION GOWN RENTAL,Education,DR
SHEIN CORSET DRESS (FORMAL),Shopping,DR
% ARABICA (GRADUATION PICS),Food,DR
SALON DE BRILLIANT (GLOSS TREATMENT),Personal Expenses,DR
GUARDIAN ALOE VERA GEL,Shopping,DR
ZOUK KL (GRADUATION CELEB),Entertainment,DR
SHEIN LACE BODYSUIT (AFTERPARTY),Shopping,DR
CHATIME (POST-CLUBNIGHT),Food,DR
SALON VANITY (GRAD PHOTO HAIR),Personal Expenses,DR
INTI TRANSCRIPT FEE,Education,DR
VICTORIA'S SECRET PINK (GRAD GIFT),Shopping,DR
SALARY (PART-TIME ADMIN),Other Income,CR
TESCO GROCERIES (DIAPERS + FORMULA),Shopping,DR
KIDS HAIRCUT @ Q-BOYS SALON,Personal Expenses,DR
TNB ELECTRIC BILL,Utilities,DR
MYDIN DISPOSABLE DIAPERS (PROMO),Shopping,DR
KINDERJOY TOY @ GUARDIAN,Shopping,DR
PAEDIATRICIAN @ KPJ KL,Personal Expenses,DR
PAMPERS WIPES @ WATSONS,Shopping,DR
KIDZANIA TICKET (WEEKEND),Entertainment,DR
AYAMAS CHICKEN NUGGETS (BULK),Food,DR
MAMEE CHEF (SCHOOL LUNCHES),Food,DR
SUNSILK SHAMPOO @ 99 SPEEDMART,Shopping,DR
KAKI BUKIT KINDERGARTEN FEE,Education,DR
IPOH KUAT TAUFUFA @ PUSAT BANDAR,Food,DR
DINOSAURS BOOK @ MPH BOOKSTORE,Education,DR
MILO 3-IN-1 @ AEON BIG,Food,DR
KIDS' FLU VACCINE @ KLINIK KANAK,Personal Expenses,DR
MR DIY STORAGE BINS (TOY ORGANIZATION),Shopping,DR
BABY ON BOARD STICKER @ SHOPEE,Shopping,DR
KIDDY PALACE (SCHOOL SHOES),Shopping,DR
CARREFOUR RICE (10KG BAG),Shopping,DR
WATSONS CHILDREN'S PANADOL,Personal Expenses,DR
PARKSON BABY CLOTHES SALE,Shopping,DR
KAKI BUKIT TUITION (ENGLISH),Education,DR
DOMINO'S PIZZA (FAMILY NIGHT),Food,DR
LOTUS'S BABY CEREAL,Shopping,DR
MYNEWS MAGAZINE (WAITING ROOM READ),Shopping,DR
KIDS CHRISTMAS GIFT @ TOYSRUS,Shopping,DR
KFC FAMILY BUCKET (CHRISTMAS MEAL),Food,DR
IPOH WHITE COFFEE @ OLDTOWN,Food,DR
AEON BABY FAIR (STROLLER ACCESSORIES),Shopping,DR
KIDS ART CLASS @ YOUNG ARTISTS,Education,DR
MAMEE MONSTER SNACK PACK,Food,DR
PARKSON DIAPER BUNDLE,Shopping,DR
NEW YEAR'S EVE COUNTDOWN @ HOME,Entertainment,DR
SALARY (PART-TIME ADMIN),Other Income,CR
MYDIN BABY WIPES (BULK),Shopping,DR
KIDS' DENTAL CHECKUP @ KPKL,Personal Expenses,DR
AYAMAS CHICKEN SAUSAGES,Food,DR
MILO 1KG TIN @ 99 SPEEDMART,Food,DR
KAKI BUKIT SCHOOL UNIFORM,Education,DR
WATSONS MATERNITY VITAMINS,Personal Expenses,DR
KIDDY LAND (WATER BOTTLE),Shopping,DR
LOTUS'S INSTANT PORRIDGE,Food,DR
KIDS' MOVIE @ GSC (ANIMATED),Entertainment,DR
PARKSON BABY BATH TUB,Shopping,DR
KAKI BUKIT SCHOOL EXCURSION,Education,DR
NESTLÉ NAN OPTIPRO (STAGE 3),Food,DR
KIDS' HAIRCLIPS @ MINISO,Shopping,DR
MCDONALD'S HAPPY MEAL,Food,DR
GUARDIAN CHILD-FRIENDLY MOSQUITO REPELLENT,Shopping,DR
AEON BIG (MONTHLY GROCERIES),Shopping,DR
KIDS' BIRTHDAY CAKE @ BAKER'S COTTAGE,Food,DR
MAMEE CHEF (SCHOOL RECESS),Food,DR
TESCO BABY LAUNDRY DETERGENT,Shopping,DR
KIDS' FOOTBALL JERSEY @ DECATHLON,Shopping,DR
WATSONS MATERNITY PADS,Personal Expenses,DR
KAKI BUKIT SCHOOL PHOTO DAY,Education,DR
AYAMAS FISH FINGERS,Food,DR
KIDS' ART SUPPLIES @ MR DIY,Shopping,DR
OLDTOWN KOPI-O (MOM'S ME TIME),Food,DR
PARKSON BABY BLANKET,Shopping,DR
KIDS' DENTAL FLOSSERS @ GUARDIAN,Personal Expenses,DR
MYDIN DISHWASHING LIQUID (BULK),Shopping,DR
KAKI BUKIT SCHOOL BUS FEE,Education,DR
SALARY (PART-TIME ADMIN),Other Income,CR
PAMPERS DRY PANTS @ WATSONS,Shopping,DR
KIDS' VITAMIN C @ GUARDIAN,Personal Expenses,DR
LOTUS'S BISCUITS (SCHOOL SNACKS),Food,DR
KAKI BUKIT SCHOOL SWIM CLASS,Education,DR
AYAMAS CHICKEN BURGERS,Food,DR
KIDS' STICKERS @ MINISO,Shopping,DR
MAMEE DOUBLE DECKER (LUNCHBOX),Food,DR
WATSONS BABY OIL,Shopping,DR
KIDS' CNY OUTFIT @ PADINI,Shopping,DR
OLDTOWN WHITE COFFEE (MOM'S BREAK),Food,DR
KAKI BUKIT SCHOOL CNY PARTY,Education,DR
NESTLÉ LACTOGEN (STAGE 2),Food,DR
KIDS' RED PACKETS (ANG PAO),Other Income,CR
VALENTINE'S FAMILY DINNER @ PIZZA HUT,Food,DR
KIDS' STORYBOOK @ MPH,Education,DR
GUARDIAN CHILD TOOTHPASTE,Shopping,DR
KAKI BUKIT SCHOOL SHOES,Education,DR
MCDONALD'S ICE CREAM (TREAT),Food,DR
PARKSON BABY BIB SET,Shopping,DR
KIDS' COLORING BOOK @ MR DIY,Education,DR
WATSONS BABY POWDER,Shopping,DR
KAKI BUKIT SCHOOL ART FEE,Education,DR
OLDTOWN KAYA TOAST (WEEKEND TREAT),Food,DR
KIDS' BALLET SHOES @ KIDDY PALACE,Education,DR
TESCO BABY OATMEAL,Food,DR
KIDS' STICKER ALBUM @ MINISO,Shopping,DR
MAMEE CHEF (EXTRA RECESS),Food,DR
WATSONS BABY SHAMPOO,Shopping,DR
SALARY (PART-TIME ADMIN),Other Income,CR
KAKI BUKIT SCHOOL SWIMMING GOGGLES,Education,DR
LOTUS'S BABY FOOD POUCHES,Food,DR
KIDS' HAIR ACCESSORIES @ MINISO,Shopping,DR
OLDTOWN MILK TEA (LATE-NIGHT WORK),Food,DR
PARKSON BABY SOCKS (3-PACK),Shopping,DR
SALARY (FREELANCE IT WORK),Other Income,CR
AEON BIG (DIAPERS + MILK POWDER),Shopping,DR
DAUGHTER'S HAIRCUT @ KIDZ CUTZ,Personal Expenses,DR
PETRONAS PRIMAX (WEEKLY COMMUTE),Travel Expenses,DR
MYDIN BABY WIPES (BULK BUY),Shopping,DR
KFC CHEEZY LUNCH (TREAT DAY),Food,DR
PAEDIATRICIAN @ KLINIK KANAK-KANAK,Personal Expenses,DR
TOYS 'R' US (MINNIE MOUSE PLUSHIE),Shopping,DR
LOTUS'S RICE (10KG) + CHICKEN,Food,DR
DAUGHTER'S BALLET CLASS @ MYDANCE,Education,DR
WATSONS CHILDREN'S PANADOL,Personal Expenses,DR
MR DIY (CRAYONS + COLORING BOOK),Education,DR
TNG RELOAD (TOLLS + PARKING),E-Wallet,DR
KIDZANIA TICKET (DADDY-DAUGHTER DAY),Entertainment,DR
AYAMAS NUGGETS (DAUGHTER'S FAVE),Food,DR
OLDTOWN KOPI (ME TIME),Food,DR
PARKSON SCHOOL BAG (DISNEY PRINCESS),Education,DR
GAS STOVE REFILL @ MYDIN,Shopping,DR
DAUGHTER'S VITAMINS @ GUARDIAN,Personal Expenses,DR
LOTUS'S FRUIT PUREE POUCHES,Food,DR
DIGI POSTPAID (FAMILY PLAN),Utilities,DR
DAUGHTER'S BIRTHDAY CAKE @ BAKER'S COTTAGE,Food,DR
PETRONAS PRIMAX (WEEKEND TRIP),Travel Expenses,DR
MINISO STICKER BOOK (KEEPING HER BUSY),Shopping,DR
SALARY (FREELANCE IT WORK),Other Income,CR
TASIK TITIWANGSA BOAT RIDE (FATHER-DAUGHTER),Travel Expenses,DR
MYDIN DISPOSABLE DIAPERS (PROMO),Shopping,DR
KOPITIAM BREAKFAST (KAYA TOAST SET),Food,DR
DAUGHTER'S RAINBOW UMBRELLA @ MR DIY,Shopping,DR
PETRONAS MESRA (SNACKS + DRINKS),Food,DR
KIDZ PALACE (PRINCESS DRESS-UP SET),Shopping,DR
WATSONS BABY SHAMPOO (JOHNSON'S),Shopping,DR
LOTUS'S FISH FINGERS (DAUGHTER'S FAVE),Food,DR
TNG TOLL (BALIK KAMPUNG TRIP),Travel Expenses,DR
DAUGHTER'S STORYBOOK @ MPH (FROZEN THEME),Education,DR
KAMPUNG PLAYGROUND SWINGS (DIY REPAIR),Other Fees,DR
MCDONALD'S HAPPY MEAL (WEEKEND TREAT),Food,DR
PETRONAS PRIMAX (RETURN TRIP),Travel Expenses,DR
DAUGHTER'S STICKER ALBUM @ MINISO,Shopping,DR
SALARY (FREELANCE IT WORK),Other Income,CR
AEON BIG (BABY CEREAL + BISCUITS),Shopping,DR
DAUGHTER'S PEDIATRIC DENTIST @ KPJ,Personal Expenses,DR
PETRONAS MESRA (ICE CREAM TREAT),Food,DR
DAUGHTER'S STICKER COLLECTION @ MINISO,Shopping,DR
LOTUS'S CHICKEN SOUP MIX,Food,DR
DAUGHTER'S RAINCOAT @ MR DIY,Shopping,DR
WATSONS CHILDREN'S CALPOL,Personal Expenses,DR
PETRONAS PRIMAX (WEEKLY COMMUTE),Travel Expenses,DR
DAUGHTER'S PRINCESS SLIPPERS @ KIDDY PALACE,Education,DR
OLDTOWN MILK TEA (ME TIME),Food,DR
DAUGHTER'S BUBBLE MIX @ TOYSRUS,Shopping,DR
KOPITIAM LUNCH (CHAR KUEY TEOW),Food,DR
DAUGHTER'S PEDIATRICIAN VISIT,Personal Expenses,DR
PETRONAS PRIMAX (WEEKLY COMMUTE),Travel Expenses,DR
Balance C/F ar MoneyPLUS 3 PUBLIC BANK Double the dou ble the joy! Double your MoneyPLUS Sav,Balance,DR
